producto_20100_001|producto_20100_001
producto_20100_002|producto_20100_002
producto_20100_003|producto_20100_003
producto_20100_004|producto_20100_004
producto_20100_005|producto_20100_005
producto_20100_006|producto_20100_006
producto_20100_007|producto_20100_007
producto_20100_008|producto_20100_008
producto_20100_009|producto_20100_009
producto_20100_010|producto_20100_010
producto_20100_011|producto_20100_011
producto_20100_012|producto_20100_012
producto_20100_013|producto_20100_013
producto_20100_014|producto_20100_014
producto_20100_015|producto_20100_015
producto_20100_016|producto_20100_016
producto_20100_017|producto_20100_017
producto_20100_018|producto_20100_018
producto_20100_019|producto_20100_019
producto_20100_020|producto_20100_020
producto_20100_021|producto_20100_021
producto_20100_022|producto_20100_022
producto_20100_023|producto_20100_023
producto_20100_024|producto_20100_024
producto_20100_025|producto_20100_025
producto_20100_026|producto_20100_026
producto_20100_027|producto_20100_027
producto_20100_028|producto_20100_028
producto_20100_029|producto_20100_029
producto_20100_030|producto_20100_030